{
  "train_loss": [
    5.546227704911005,
    4.829442607031928,
    4.701125031425839,
    4.620154918186248,
    4.583547433217366,
    4.552648544311523,
    4.514140454549638,
    4.495972285195003,
    4.4754213075789195,
    4.454798448653448,
    4.435316819993276,
    4.423596980079772,
    4.391842842102051,
    4.381582736968994,
    4.385103702545166,
    4.353363218761626,
    4.339218949514722,
    4.333863152398004,
    4.315289906093052,
    4.31033039849902,
    4.294005757286435,
    4.274281346608722,
    4.271032257685586,
    4.247083856945946,
    4.2481088941059415,
    4.229301762959314,
    4.216784481018308,
    4.206457278085133,
    4.19587584904262,
    4.183337873882717,
    4.170095606455727,
    4.174168446707347,
    4.1553437861185225,
    4.138055294279068,
    4.1237080740550205,
    4.117116931885008,
    4.10957117686196,
    4.101800524999225,
    4.088148881518651,
    4.088533893464104,
    4.0681008611406595,
    4.050900981539772,
    4.03623856816973,
    4.024717667746166,
    4.028193632761638,
    4.0155433132534935,
    4.0012663659595304,
    3.977885333318559,
    3.9757939406803677,
    3.9725092176407104
  ],
  "val_loss": [
    4.891044616699219,
    4.686423081618089,
    4.586195248823899,
    4.556609043708215,
    4.519426529224102,
    4.513360096858098,
    4.477909344893235,
    4.48939088674692,
    4.468135797060453,
    4.442748546600342,
    4.466862568488488,
    4.43834033379188,
    4.429737714620737,
    4.442478913527268,
    4.429444166330191,
    4.423811032221868,
    4.430043477278489,
    4.438014323894794,
    4.414225688347449,
    4.424446876232441,
    4.38523897757897,
    4.420823904184195,
    4.4263919316805325,
    4.403503564687876,
    4.417965668898362,
    4.409414694859431,
    4.40857274715717,
    4.410661147190974,
    4.445936716519869,
    4.423940181732178,
    4.442341877863957,
    4.443667778602014,
    4.453086963066688,
    4.440986780019907,
    4.451600111447847,
    4.441219146435078,
    4.458279096163237,
    4.453245603121244,
    4.4428391456604,
    4.4516508395855245,
    4.46266350379357,
    4.467999715071458,
    4.454386527721699,
    4.469666847815881,
    4.452937492957482,
    4.482877804682805,
    4.510861763587365,
    4.519307576693022,
    4.478672834543081,
    4.524772313924936
  ]
}