{
  "hm_size_32": 0.0012863108050078153,
  "hm_size_64": 0.0012060957588255405,
  "hm_size_128": 0.0004903831123374403,
  "sigma_1.0": 0.0006324862944893539,
  "sigma_2.0": 0.0012412334606051445,
  "sigma_3.0": 0.001086187670007348,
  "sigma_4.0": 0.0013923419592902064,
  "skip_with": 0.0013343648938462138,
  "skip_without": 0.002102718334645033
}