{
  "heatmap": {
    "train": [
      0.015884466549381613,
      0.003019556324928999,
      0.002743120118975639,
      0.0025897175744175912,
      0.0024620782993733884,
      0.002343150954693556,
      0.0022202647272497418,
      0.0020846070758998394,
      0.0019237879272550344,
      0.0017339935703203082,
      0.0015313696693629027,
      0.001335337035357952,
      0.0011414950517937541,
      0.0009610979645512998,
      0.0008330498849973083,
      0.0007273020474240184,
      0.0006777221015654505,
      0.0006308158845640719,
      0.000596210244577378,
      0.0005780327077955007,
      0.0005630206796340644,
      0.0005512993773445487,
      0.0005377994547598064,
      0.0005329287573695182,
      0.0005238427636213601,
      0.0005186495098751039,
      0.0005161637123674154,
      0.0005054844978731126,
      0.0005026080661918968,
      0.0005022553228773177
    ],
    "val": [
      0.0034876940865069626,
      0.002836193321272731,
      0.002666612444445491,
      0.0025318469014018775,
      0.0024145017843693493,
      0.0023034716956317424,
      0.0021942952647805215,
      0.0020623796712607146,
      0.0019045306416228414,
      0.001721974262036383,
      0.0015481296321377157,
      0.001379944644868374,
      0.0010858671506866814,
      0.0008963772654533386,
      0.0008323376136831939,
      0.0007111189886927604,
      0.0006755915726535022,
      0.0006360582914203406,
      0.0006181041640229523,
      0.0005947192548774183,
      0.0005805104249157012,
      0.0005775217595510184,
      0.0005482947477139532,
      0.0005803119135089218,
      0.0005370096629485488,
      0.000531048676930368,
      0.0005317178089171648,
      0.0005315072159282863,
      0.0005275936075486243,
      0.0005363714322447776
    ]
  },
  "regression": {
    "train": [
      0.022597518995404242,
      0.016736501947045325,
      0.015500368416309357,
      0.014185339137911797,
      0.012985582806169987,
      0.011178086310625076,
      0.010713335506618023,
      0.01038338879495859,
      0.009958428792655467,
      0.009905128441751003,
      0.009807108968496323,
      0.00959842064231634,
      0.009538942314684391,
      0.009385767363011837,
      0.009325588434934615,
      0.009223797164857387,
      0.00905452573299408,
      0.009109252467751502,
      0.00903015011176467,
      0.009010552503168583,
      0.008869281575083732,
      0.008919399559497833,
      0.00897254803031683,
      0.00899668614193797,
      0.009153872720897198,
      0.008875538762658834,
      0.008817532025277615,
      0.00869517520442605,
      0.00880704065412283,
      0.008714631378650665
    ],
    "val": [
      0.01834952786564827,
      0.014577701166272163,
      0.016985242888331413,
      0.013830268457531929,
      0.010399622991681099,
      0.01682523675262928,
      0.013495802916586398,
      0.00856281626969576,
      0.009234807789325714,
      0.008967084437608719,
      0.010456124059855939,
      0.008887862339615821,
      0.010648886524140835,
      0.008489629179239273,
      0.008377682529389857,
      0.008657225407660007,
      0.008471336029469968,
      0.008661939240992069,
      0.008465327061712742,
      0.008362193889915943,
      0.008647206388413906,
      0.008423763997852803,
      0.00900277677923441,
      0.013475944176316262,
      0.009046630077064037,
      0.008621741943061352,
      0.008342785723507405,
      0.008544481731951237,
      0.00859592754393816,
      0.008366159461438656
    ]
  }
}